<?xml version="1.0" encoding="UTF-8" standalone="no"?>
<endpoints xmlns="http://xml.netbeans.org/schema/endPoints" xmlns:xsi="http://www.w3.org/2001/XMLSchema-instance" xsi:schemaLocation="http://xml.netbeans.org/schema/endPoints endPoints.xsd">
    <project>
        <name>BPELColegioCA</name>
        <version>1.0</version>
        <description>description</description>
    </project>
    <team>
        <name>unknown team</name>
        <contact>no contact provided</contact>
    </team>
    <endpoint>
        <type>provider</type>
        <endpoint-name>InvokeColegioEstudiantePortTypeRole_myRole</endpoint-name>
        <service-name>
            <namespace>http://enterprise.netbeans.org/bpel/BPELColegio/BPELColegio</namespace>
            <localname>PartnerLink1</localname>
        </service-name>
        <interface-name>
            <namespace>http://j2ee.netbeans.org/wsdl/BPELColegio/src/InvokeColegioEstudiante</namespace>
            <localname>InvokeColegioEstudiantePortType</localname>
        </interface-name>
        <description>description of the service provided or consumed through this endPoint</description>
    </endpoint>
    <endpoint>
        <type>consumer</type>
        <endpoint-name>ServicioColegioNombreSWRole_partnerRole</endpoint-name>
        <service-name>
            <namespace>http://enterprise.netbeans.org/bpel/BPELColegio/BPELColegio</namespace>
            <localname>PartnerLink2</localname>
        </service-name>
        <interface-name>
            <namespace>http://serviciosSW/</namespace>
            <localname>ServicioColegioNombreSW</localname>
        </interface-name>
        <description>description of the service provided or consumed through this endPoint</description>
    </endpoint>
    <endpoint>
        <type>consumer</type>
        <endpoint-name>ServicioColegioNotaSWRole_partnerRole</endpoint-name>
        <service-name>
            <namespace>http://enterprise.netbeans.org/bpel/BPELColegio/BPELColegio</namespace>
            <localname>PartnerLink3</localname>
        </service-name>
        <interface-name>
            <namespace>http://serviciosSW/</namespace>
            <localname>ServicioColegioNotaSW</localname>
        </interface-name>
        <description>description of the service provided or consumed through this endPoint</description>
    </endpoint>
</endpoints>
